,x,n,rseo,rseo_std,rseo_conf,mre,mre_std,mre_conf,mrs,mrs_std,mrs_conf,opt,opt_std,opt_conf
0,0.0,10.0,40.38461538461539,6.410128203846129,3.7216361381802296,40.38461538461539,6.410128203846129,3.7216361381802296,40.38461538461539,6.410128203846129,3.7216361381802296,40.38461538461539,6.410128203846129,3.7216361381802296
1,1.0,15.0,57.07692307692308,11.514205273353568,6.684996163107416,57.07692307692308,11.514205273353568,6.684996163107416,57.07692307692308,11.514205273353568,6.684996163107416,57.07692307692308,11.514205273353568,6.684996163107416
2,2.0,20.0,72.38461538461539,9.151852831881108,5.313445401918734,72.38461538461539,9.151852831881108,5.313445401918734,72.38461538461539,9.151852831881108,5.313445401918734,72.38461538461539,9.151852831881108,5.313445401918734
3,3.0,25.0,99.0,14.142135623730951,8.210737965699899,99.0,14.142135623730951,8.210737965699899,99.0,14.142135623730951,8.210737965699899,99.0,14.142135623730951,8.210737965699899
4,4.0,50.0,190.07692307692307,16.00761036955828,9.29380807103226,187.30769230769232,15.601199822367377,9.057851451872015,183.3846153846154,16.997737405992506,9.868662807630498,0.0,0.0,0.0
5,5.0,100.0,369.9230769230769,34.12589812850239,19.813047677687322,317.2307692307692,31.75204414982298,18.434819275248294,213.3846153846154,18.43248247676938,10.701656927978258,0.0,0.0,0.0
6,6.0,150.0,528.2307692307693,19.588065440270196,11.37257319998817,403.53846153846155,20.65032439057308,11.98930677720127,225.3846153846154,34.3135990086012,19.922024340295227,0.0,0.0,0.0
7,7.0,200.0,652.9230769230769,34.13566448369784,19.81871789508046,456.3076923076923,30.61422494904565,17.774216410271666,233.3846153846154,26.49068534893747,15.380143545430684,0.0,0.0,0.0
