,x,n,rseo,rseo_std,rseo_conf,mre,mre_std,mre_conf,mrs,mrs_std,mrs_conf,opt,opt_std,opt_conf
0,0.0,10.0,23.076923076923077,6.861262498762387,3.983558777126111,23.0,6.782329983125268,3.937731596556412,21.76923076923077,6.469851185226316,3.756310515777078,23.076923076923077,6.861262498762387,3.983558777126111
1,1.0,15.0,36.69230769230769,9.792723619986214,5.685526553663084,34.30769230769231,10.069629382327628,5.846294397804145,32.53846153846154,9.692053313715181,5.627078697716122,36.69230769230769,9.792723619986214,5.685526553663084
2,2.0,20.0,46.07692307692308,11.579158996961873,6.72270744085456,38.61538461538461,10.843880467330115,6.29581439589741,33.30769230769231,10.578158436015027,6.141539678917566,46.07692307692308,11.579158996961873,6.72270744085456
3,3.0,25.0,53.07692307692308,6.676595170962748,3.8763433550900985,42.15384615384615,7.733543321640624,4.4899935518810725,35.30769230769231,9.629681678579473,5.5908665465801795,53.23076923076923,6.747269153193834,3.9173757397688482
4,4.0,50.0,106.38461538461539,11.658605273491204,6.768832904242019,66.6923076923077,11.636040387409967,6.755732028124834,52.84615384615385,11.538675211696775,6.699203087515338,0.0,0.0,0.0
5,5.0,100.0,178.76923076923077,28.131103326371225,16.332548650663202,98.46153846153847,11.941631551114115,6.933154239067124,76.23076923076923,11.497491365176478,6.675292287817564,0.0,0.0,0.0
6,6.0,150.0,204.53846153846155,23.411590379608217,13.592461498156025,110.38461538461539,11.60128198044266,6.735551754133203,78.0,17.30606829987678,10.0476756698863,0.0,0.0,0.0
7,7.0,200.0,249.46153846153845,33.76293674187566,19.602317069768507,129.30769230769232,18.992913658277114,11.027035901960522,96.07692307692308,13.413062901897405,7.787447931140352,0.0,0.0,0.0
