,x,n,rseo,rseo_std,rseo_conf,mre,mre_std,mre_conf,mrs,mrs_std,mrs_conf,opt,opt_std,opt_conf
0,0.0,10.0,57.15384615384615,7.776526150818177,4.5149488172519625,57.15384615384615,7.776526150818177,4.5149488172519625,57.15384615384615,7.776526150818177,4.5149488172519625,57.15384615384615,7.776526150818177,4.5149488172519625
1,1.0,15.0,80.46153846153847,11.244371811528532,6.528334403641234,80.46153846153847,11.244371811528532,6.528334403641234,80.46153846153847,11.244371811528532,6.528334403641234,80.46153846153847,11.244371811528532,6.528334403641234
2,2.0,20.0,115.61538461538461,15.370634673181529,8.923988358322635,115.61538461538461,15.370634673181529,8.923988358322635,115.61538461538461,15.370634673181529,8.923988358322635,115.61538461538461,15.370634673181529,8.923988358322635
3,3.0,25.0,138.53846153846155,11.110170900391113,6.450419119456113,138.53846153846155,11.110170900391113,6.450419119456113,138.53846153846155,11.110170900391113,6.450419119456113,138.53846153846155,11.110170900391113,6.450419119456113
4,4.0,50.0,233.0,18.29845166491781,10.623840401201592,225.92307692307693,16.168186552927214,9.387036491424588,233.46153846153845,19.662211577097935,11.415621471964851,0.0,0.0,0.0
5,5.0,100.0,358.0,41.91061917939175,24.33275434615284,300.15384615384613,38.49858472257163,22.351772010791933,310.6923076923077,44.80398906233055,26.01260685066381,0.0,0.0,0.0
6,6.0,150.0,431.61538461538464,39.666397327247616,23.02978865164114,332.3076923076923,40.94993816719918,23.774995583996684,322.46153846153845,31.9103310977688,18.52671859565876,0.0,0.0,0.0
7,7.0,200.0,481.46153846153845,27.369738108037573,15.8905100173011,348.0769230769231,22.52206894900177,13.076017053278242,323.38461538461536,33.65149442332505,19.537615125150353,0.0,0.0,0.0
