,x,n,rseo,rseo_std,rseo_conf,mre,mre_std,mre_conf,mrs,mrs_std,mrs_conf,opt,opt_std,opt_conf
0,0.0,10.0,57.15384615384615,7.776526150818177,4.5149488172519625,57.15384615384615,7.776526150818177,4.5149488172519625,57.15384615384615,7.776526150818177,4.5149488172519625,57.15384615384615,7.776526150818177,4.5149488172519625
1,1.0,15.0,80.46153846153847,11.244371811528532,6.528334403641234,80.46153846153847,11.244371811528532,6.528334403641234,80.46153846153847,11.244371811528532,6.528334403641234,80.46153846153847,11.244371811528532,6.528334403641234
2,2.0,20.0,115.61538461538461,15.370634673181529,8.923988358322635,115.61538461538461,15.370634673181529,8.923988358322635,115.61538461538461,15.370634673181529,8.923988358322635,115.61538461538461,15.370634673181529,8.923988358322635
3,3.0,25.0,138.53846153846155,11.110170900391113,6.450419119456113,138.53846153846155,11.110170900391113,6.450419119456113,138.53846153846155,11.110170900391113,6.450419119456113,138.53846153846155,11.110170900391113,6.450419119456113
4,4.0,50.0,271.15384615384613,18.712055623074278,10.863973420170842,263.3076923076923,16.844309698849912,9.779584698528499,252.6153846153846,19.754908510454058,11.469440092451983,0.0,0.0,0.0
5,5.0,100.0,494.61538461538464,43.66451355036196,25.351042353191,403.46153846153845,29.185085759154976,16.94447699064579,310.6923076923077,44.80398906233055,26.01260685066381,0.0,0.0,0.0
6,6.0,150.0,608.9230769230769,42.95047834126635,24.936482900774926,484.0,36.53080891521566,21.20930725445544,322.46153846153845,31.9103310977688,18.52671859565876,0.0,0.0,0.0
7,7.0,200.0,689.4615384615385,31.38103297804632,18.219415067930857,536.0769230769231,33.18247915808768,19.26531102998135,323.38461538461536,33.65149442332505,19.537615125150353,0.0,0.0,0.0
