,x,n,rseo,rseo_std,rseo_conf,mre,mre_std,mre_conf,mrs,mrs_std,mrs_conf,opt,opt_std,opt_conf
0,0.0,10.0,23.076923076923077,6.861262498762387,3.983558777126111,23.076923076923077,6.861262498762387,3.983558777126111,23.076923076923077,6.861262498762387,3.983558777126111,23.076923076923077,6.861262498762387,3.983558777126111
1,1.0,15.0,36.69230769230769,9.792723619986214,5.685526553663084,36.69230769230769,9.792723619986214,5.685526553663084,36.69230769230769,9.792723619986214,5.685526553663084,36.69230769230769,9.792723619986214,5.685526553663084
2,2.0,20.0,46.07692307692308,11.579158996961873,6.72270744085456,46.07692307692308,11.579158996961873,6.72270744085456,45.92307692307692,11.55033577045518,6.70597305458723,46.07692307692308,11.579158996961873,6.72270744085456
3,3.0,25.0,53.23076923076923,6.747269153193834,3.9173757397688482,51.76923076923077,6.857524409409056,3.98138849160565,49.92307692307692,8.32127332465349,4.831221862633584,53.23076923076923,6.747269153193834,3.9173757397688482
4,4.0,50.0,110.23076923076923,12.377088013434651,7.18597453458069,90.76923076923077,12.470991982422289,7.240493944082245,69.23076923076923,13.05854666590586,7.581620466621605,0.0,0.0,0.0
5,5.0,100.0,230.69230769230768,27.417709044170145,15.918361311973518,146.6153846153846,17.914326024806986,10.40082210603235,113.92307692307692,14.447961439026258,8.388296412270208,0.0,0.0,0.0
6,6.0,150.0,325.46153846153845,24.4697615593048,14.206821769511704,170.07692307692307,13.616543482479555,7.905586080336502,122.6923076923077,17.02637471387952,9.885289251992182,0.0,0.0,0.0
7,7.0,200.0,455.84615384615387,26.582720433413613,15.433577905161801,204.53846153846155,17.027504145819417,9.885944985323789,148.46153846153845,15.12511919851314,8.781445302403705,0.0,0.0,0.0
