,x,n,rseo,rseo_std,rseo_conf,mre,mre_std,mre_conf,mrs,mrs_std,mrs_conf,opt,opt_std,opt_conf
0,0.0,10.0,53.30769230769231,6.650621717611762,3.8612635096407724,53.30769230769231,6.650621717611762,3.8612635096407724,53.30769230769231,6.650621717611762,3.8612635096407724,53.30769230769231,6.650621717611762,3.8612635096407724
1,1.0,15.0,86.15384615384616,14.392394715301055,8.356035103210598,86.15384615384616,14.392394715301055,8.356035103210598,86.15384615384616,14.392394715301055,8.356035103210598,86.15384615384616,14.392394715301055,8.356035103210598
2,2.0,20.0,108.46153846153847,14.009612084894812,8.133796541814464,108.46153846153847,14.009612084894812,8.133796541814464,108.46153846153847,14.009612084894812,8.133796541814464,108.46153846153847,14.009612084894812,8.133796541814464
3,3.0,25.0,140.23076923076923,20.68475221894075,12.009295121605259,140.23076923076923,20.68475221894075,12.009295121605259,140.23076923076923,20.68475221894075,12.009295121605259,140.23076923076923,20.68475221894075,12.009295121605259
4,4.0,50.0,236.6153846153846,21.414708580546776,12.433098185796322,223.07692307692307,24.78393814032769,14.389228560845948,237.53846153846155,21.184174063890968,12.299252877091046,0.0,0.0,0.0
5,5.0,100.0,361.53846153846155,25.708673583751796,14.926117798480588,263.0,27.592269448766505,16.01970878730972,339.46153846153845,25.254093346806787,14.662194490908988,0.0,0.0,0.0
6,6.0,150.0,429.2307692307692,37.52588849970521,21.787037375325667,269.2307692307692,38.08795488986391,22.113365729946715,346.53846153846155,28.996020947178785,16.83470844712638,0.0,0.0,0.0
7,7.0,200.0,476.53846153846155,22.22841793971321,12.905527138969557,283.53846153846155,29.03335835613747,16.856386055758808,361.15384615384613,54.90878216619232,31.87931684276696,0.0,0.0,0.0
