,x,n,rseo,rseo_std,rseo_conf,mre,mre_std,mre_conf,mrs,mrs_std,mrs_conf,opt,opt_std,opt_conf
0,0.0,10.0,40.38461538461539,6.410128203846129,3.7216361381802296,40.38461538461539,6.410128203846129,3.7216361381802296,40.38461538461539,6.410128203846129,3.7216361381802296,40.38461538461539,6.410128203846129,3.7216361381802296
1,1.0,15.0,57.07692307692308,11.514205273353568,6.684996163107416,57.07692307692308,11.514205273353568,6.684996163107416,57.07692307692308,11.514205273353568,6.684996163107416,57.07692307692308,11.514205273353568,6.684996163107416
2,2.0,20.0,72.38461538461539,9.151852831881108,5.313445401918734,72.38461538461539,9.151852831881108,5.313445401918734,72.38461538461539,9.151852831881108,5.313445401918734,72.38461538461539,9.151852831881108,5.313445401918734
3,3.0,25.0,99.0,14.142135623730951,8.210737965699899,98.07692307692308,14.528486606557584,8.435048265585369,96.6923076923077,13.810531098794472,8.018212739317185,99.0,14.142135623730951,8.210737965699899
4,4.0,50.0,190.07692307692307,16.00761036955828,9.29380807103226,158.0,16.391054470858997,9.516430673730994,113.23076923076923,17.350090519234794,10.07323439152737,0.0,0.0,0.0
5,5.0,100.0,369.9230769230769,34.12589812850239,19.813047677687322,219.3846153846154,20.8268194944982,12.09177751352531,120.15384615384616,20.8040306745518,12.078546624350874,0.0,0.0,0.0
6,6.0,150.0,528.2307692307693,19.588065440270196,11.37257319998817,266.38461538461536,22.258101377320504,12.922760952489613,140.15384615384616,27.718363810075306,16.092917515270265,0.0,0.0,0.0
7,7.0,200.0,652.9230769230769,34.13566448369784,19.81871789508046,327.46153846153845,29.364421172044764,17.04859677300297,141.0,16.98528775146303,9.861434701930994,0.0,0.0,0.0
