,x,n,rseo,rseo_std,rseo_conf,mre,mre_std,mre_conf,mrs,mrs_std,mrs_conf,opt,opt_std,opt_conf
0,1.0,10.0,1.0,0.0,0.0,1.0,0.0,0.0,1.0,0.0,0.0,1.0,0.0,0.0
1,2.0,15.0,1.0,0.0,0.0,1.0,0.0,0.0,1.0,0.0,0.0,1.0,0.0,0.0
2,3.0,20.0,1.0,0.0,0.0,1.0,0.0,0.0,1.0,0.0,0.0,1.0,0.0,0.0
3,4.0,25.0,1.0,0.0,0.0,0.9900677257275672,0.016342903208068683,0.00948847468377249,0.9769091147429325,0.02284700679563561,0.0132646716939092,1.0,0.0,0.0
