,x,n,rseo,rseo_std,rseo_conf,mre,mre_std,mre_conf,mrs,mrs_std,mrs_conf,opt,opt_std,opt_conf
0,0.0,10.0,57.15384615384615,7.776526150818177,4.5149488172519625,57.15384615384615,7.776526150818177,4.5149488172519625,57.15384615384615,7.776526150818177,4.5149488172519625,57.15384615384615,7.776526150818177,4.5149488172519625
1,1.0,15.0,80.46153846153847,11.244371811528532,6.528334403641234,80.46153846153847,11.244371811528532,6.528334403641234,80.46153846153847,11.244371811528532,6.528334403641234,80.46153846153847,11.244371811528532,6.528334403641234
2,2.0,20.0,115.61538461538461,15.370634673181529,8.923988358322635,115.61538461538461,15.370634673181529,8.923988358322635,115.61538461538461,15.370634673181529,8.923988358322635,115.61538461538461,15.370634673181529,8.923988358322635
3,3.0,25.0,138.53846153846155,11.110170900391113,6.450419119456113,138.53846153846155,11.110170900391113,6.450419119456113,138.53846153846155,11.110170900391113,6.450419119456113,138.53846153846155,11.110170900391113,6.450419119456113
4,4.0,50.0,233.0,18.29845166491781,10.623840401201592,221.23076923076923,16.22320275692527,9.418978175970274,234.92307692307693,18.09908624977855,10.508091462944732,0.0,0.0,0.0
5,5.0,100.0,358.0,41.91061917939175,24.33275434615284,260.46153846153845,34.925194784986246,20.277108805218614,344.0,42.24136992728022,24.524783880809142,0.0,0.0,0.0
6,6.0,150.0,431.61538461538464,39.666397327247616,23.02978865164114,268.61538461538464,31.191714876278873,18.109499467689563,356.84615384615387,37.91843472913528,22.01494455391794,0.0,0.0,0.0
7,7.0,200.0,481.46153846153845,27.369738108037573,15.8905100173011,285.84615384615387,23.950804279627555,13.905521997525911,361.0,38.71907368037963,22.4797850001352,0.0,0.0,0.0
