,x,n,rseo,rseo_std,rseo_conf,mre,mre_std,mre_conf,mrs,mrs_std,mrs_conf,opt,opt_std,opt_conf
0,0.0,10.0,40.38461538461539,6.410128203846129,3.7216361381802296,40.38461538461539,6.410128203846129,3.7216361381802296,40.38461538461539,6.410128203846129,3.7216361381802296,40.38461538461539,6.410128203846129,3.7216361381802296
1,1.0,15.0,57.07692307692308,11.514205273353568,6.684996163107416,57.07692307692308,11.514205273353568,6.684996163107416,57.07692307692308,11.514205273353568,6.684996163107416,57.07692307692308,11.514205273353568,6.684996163107416
2,2.0,20.0,72.38461538461539,9.151852831881108,5.313445401918734,72.38461538461539,9.151852831881108,5.313445401918734,72.38461538461539,9.151852831881108,5.313445401918734,72.38461538461539,9.151852831881108,5.313445401918734
3,3.0,25.0,99.0,14.142135623730951,8.210737965699899,98.07692307692308,14.528486606557584,8.435048265585369,96.6923076923077,13.810531098794472,8.018212739317185,99.0,14.142135623730951,8.210737965699899
4,4.0,50.0,190.15384615384616,15.99919869788356,9.288924365076369,158.0,16.391054470858997,9.516430673730994,113.23076923076923,17.350090519234794,10.07323439152737,0.0,0.0,0.0
5,5.0,100.0,380.38461538461536,32.55390007750854,18.900366281983363,219.3846153846154,20.8268194944982,12.09177751352531,120.15384615384616,20.8040306745518,12.078546624350874,0.0,0.0,0.0
6,6.0,150.0,576.2307692307693,21.272650070586902,12.350620883066947,266.38461538461536,22.258101377320504,12.922760952489613,140.15384615384616,27.718363810075306,16.092917515270265,0.0,0.0,0.0
7,7.0,200.0,747.0,41.25126260693928,23.94994059111539,328.84615384615387,32.96676648243943,19.140071087249105,141.0,16.98528775146303,9.861434701930994,0.0,0.0,0.0
