,x,n,rseo,rseo_std,rseo_conf,mre,mre_std,mre_conf,mrs,mrs_std,mrs_conf,opt,opt_std,opt_conf
0,0.0,10.0,23.076923076923077,6.861262498762387,3.983558777126111,23.076923076923077,6.861262498762387,3.983558777126111,23.076923076923077,6.861262498762387,3.983558777126111,23.076923076923077,6.861262498762387,3.983558777126111
1,1.0,15.0,36.69230769230769,9.792723619986214,5.685526553663084,36.69230769230769,9.792723619986214,5.685526553663084,36.69230769230769,9.792723619986214,5.685526553663084,36.69230769230769,9.792723619986214,5.685526553663084
2,2.0,20.0,46.07692307692308,11.579158996961873,6.72270744085456,46.07692307692308,11.579158996961873,6.72270744085456,46.07692307692308,11.579158996961873,6.72270744085456,46.07692307692308,11.579158996961873,6.72270744085456
3,3.0,25.0,53.23076923076923,6.747269153193834,3.9173757397688482,53.23076923076923,6.747269153193834,3.9173757397688482,53.23076923076923,6.747269153193834,3.9173757397688482,53.23076923076923,6.747269153193834,3.9173757397688482
4,4.0,50.0,110.23076923076923,12.377088013434651,7.18597453458069,110.0,12.322066926183016,7.154030014882193,105.76923076923077,13.730463977070878,7.9717268213744195,0.0,0.0,0.0
5,5.0,100.0,230.69230769230768,27.417709044170145,15.918361311973518,199.0,24.596747752497688,14.280548283336035,153.76923076923077,23.456178454563045,13.618348748115269,0.0,0.0,0.0
6,6.0,150.0,325.46153846153845,24.4697615593048,14.206821769511704,246.6153846153846,21.120836716137543,12.262480045908948,179.30769230769232,19.124088716348535,11.103194415647279,0.0,0.0,0.0
7,7.0,200.0,455.84615384615387,26.582720433413613,15.433577905161801,306.0,27.07705055331298,15.720579472042257,218.30769230769232,17.070367186954005,9.910830703332218,0.0,0.0,0.0
