,x,n,rseo,rseo_std,rseo_conf,mre,mre_std,mre_conf,mrs,mrs_std,mrs_conf,opt,opt_std,opt_conf
0,0.0,10.0,40.38461538461539,6.410128203846129,3.7216361381802296,40.38461538461539,6.410128203846129,3.7216361381802296,40.38461538461539,6.410128203846129,3.7216361381802296,40.38461538461539,6.410128203846129,3.7216361381802296
1,1.0,15.0,57.07692307692308,11.514205273353568,6.684996163107416,57.07692307692308,11.514205273353568,6.684996163107416,57.07692307692308,11.514205273353568,6.684996163107416,57.07692307692308,11.514205273353568,6.684996163107416
2,2.0,20.0,72.38461538461539,9.151852831881108,5.313445401918734,72.38461538461539,9.151852831881108,5.313445401918734,72.38461538461539,9.151852831881108,5.313445401918734,72.38461538461539,9.151852831881108,5.313445401918734
3,3.0,25.0,99.0,14.142135623730951,8.210737965699899,99.0,14.142135623730951,8.210737965699899,99.0,14.142135623730951,8.210737965699899,99.0,14.142135623730951,8.210737965699899
4,4.0,50.0,190.07692307692307,16.00761036955828,9.29380807103226,189.07692307692307,16.938425440703053,9.834227060570827,186.84615384615384,16.567267697914435,9.618737756051342,0.0,0.0,0.0
5,5.0,100.0,369.9230769230769,34.12589812850239,19.813047677687322,332.0,36.08785575970583,20.952134477462113,220.07692307692307,21.293432236496223,12.362686735296142,0.0,0.0,0.0
6,6.0,150.0,528.2307692307693,19.588065440270196,11.37257319998817,418.6923076923077,23.67623497442325,13.746110669672865,233.92307692307693,33.45758892105432,19.425036140503867,0.0,0.0,0.0
7,7.0,200.0,652.9230769230769,34.13566448369784,19.81871789508046,466.6923076923077,25.174009796430312,14.615699034706406,239.84615384615384,30.055077646010034,17.44958283924655,0.0,0.0,0.0
