,x,n,rseo,rseo_std,rseo_conf,mre,mre_std,mre_conf,mrs,mrs_std,mrs_conf,opt,opt_std,opt_conf
0,0.0,10.0,40.38461538461539,6.410128203846129,3.7216361381802296,40.30769230769231,6.459935698655927,3.750553714668816,40.23076923076923,6.071159226949525,3.5248352078363623,40.38461538461539,6.410128203846129,3.7216361381802296
1,1.0,15.0,57.07692307692308,11.514205273353568,6.684996163107416,54.07692307692308,11.492472452737186,6.672378373256975,48.46153846153846,10.681880176381126,6.20175915737196,57.07692307692308,11.514205273353568,6.684996163107416
2,2.0,20.0,72.38461538461539,9.151852831881108,5.313445401918734,63.46153846153846,10.129292379162727,5.880933949162947,54.30769230769231,10.0447715701969,5.831862278975957,72.38461538461539,9.151852831881108,5.313445401918734
3,3.0,25.0,99.0,14.142135623730951,8.210737965699899,78.84615384615384,12.707256154432356,7.377665815337847,59.23076923076923,13.020201266710167,7.559357632113237,99.0,14.142135623730951,8.210737965699899
4,4.0,50.0,184.92307692307693,15.435141390463183,8.961440110074921,103.38461538461539,17.51446288803657,10.168666827259923,66.23076923076923,18.525450269623885,10.755632805928183,0.0,0.0,0.0
5,5.0,100.0,283.0769230769231,39.05009931370542,22.671974129661514,141.3846153846154,17.960783490419995,10.427794699624144,73.92307692307692,11.16886698567002,6.484497294680849,0.0,0.0,0.0
6,6.0,150.0,347.3076923076923,43.054973803624236,24.997151592042854,167.6153846153846,14.40797499962238,8.365080811397618,82.6923076923077,16.285907074239656,9.45538347800419,0.0,0.0,0.0
7,7.0,200.0,372.0,58.031600586806725,33.69238415086857,198.76923076923077,35.56954185384326,20.651208239852377,86.46153846153847,24.537778304128597,14.246311397096024,0.0,0.0,0.0
