,x,n,rseo,rseo_std,rseo_conf,mre,mre_std,mre_conf,mrs,mrs_std,mrs_conf,opt,opt_std,opt_conf,partition_dfs,partition_dfs_std,partition_dfs_conf,partition_bfs,partition_bfs_std,partition_bfs_conf,cluster,cluster_std,cluster_conf
0,0.0,10.0,53.30769230769231,7.72856838171011,4.487105167180815,53.15384615384615,7.243918758128018,4.205723969157922,51.23076923076923,7.9388690016677455,4.609202941550825,55.07692307692308,6.957747940983232,4.039576956038967,38.69230769230769,11.404564987938057,6.6213404552296975,40.38461538461539,7.974317750738528,4.629784019089329,54.76923076923077,7.258946734362203,4.214449014532724
