,x,n,rseo,rseo_std,rseo_conf,mre,mre_std,mre_conf,mrs,mrs_std,mrs_conf,opt,opt_std,opt_conf,partition_dfs,partition_dfs_std,partition_dfs_conf,partition_bfs,partition_bfs_std,partition_bfs_conf,cluster,cluster_std,cluster_conf
0,0.0,10.0,42.07692307692308,9.810381732817014,5.695778621758029,51.76923076923077,6.179992531735592,3.5880223933728983,50.61538461538461,7.500427338252818,4.354649477539013,51.76923076923077,6.482718644646011,3.7637811935014605,48.30769230769231,8.459556877526301,4.911507474921125,42.30769230769231,5.618193888083836,3.261849488852751,48.69230769230769,8.168890330440803,4.742750300120097
