,x,n,rseo,rseo_std,rseo_conf,mre,mre_std,mre_conf,mrs,mrs_std,mrs_conf,opt,opt_std,opt_conf,partition_dfs,partition_dfs_std,partition_dfs_conf,partition_bfs,partition_bfs_std,partition_bfs_conf,cluster,cluster_std,cluster_conf
0,0.0,10.0,55.07692307692308,6.957747940983232,4.039576956038967,55.07692307692308,6.957747940983232,4.039576956038967,55.07692307692308,6.957747940983232,4.039576956038967,55.07692307692308,6.957747940983232,4.039576956038967,40.38461538461539,13.805424426280547,8.015247872411361,45.07692307692308,11.346523244747253,6.587642182416329,55.07692307692308,6.957747940983232,4.039576956038967
