,x,n,rseo,rseo_std,rseo_conf,mre,mre_std,mre_conf,mrs,mrs_std,mrs_conf,opt,opt_std,opt_conf,partition_dfs,partition_dfs_std,partition_dfs_conf,partition_bfs,partition_bfs_std,partition_bfs_conf,cluster,cluster_std,cluster_conf
0,0.0,10.0,35.38461538461539,9.544094697232607,5.541175870729557,45.76923076923077,6.193462227137125,3.5958427213885766,44.46153846153846,9.270161672586807,5.3821339590013135,47.46153846153846,6.959590320981361,4.0406466176374956,41.23076923076923,8.166535844059444,4.741383316289968,35.30769230769231,5.706496522745156,3.3131168373053006,42.07692307692308,7.432603160642289,4.315271651946344
