,x,n,rseo,rseo_std,rseo_conf,mre,mre_std,mre_conf,mrs,mrs_std,mrs_conf,opt,opt_std,opt_conf,partition_dfs,partition_dfs_std,partition_dfs_conf,partition_bfs,partition_bfs_std,partition_bfs_conf,cluster,cluster_std,cluster_conf
0,0.0,10.0,36.38461538461539,8.855680488989929,5.141491634477395,46.53846153846154,6.527063972611583,3.7895275077510107,45.07692307692308,9.322567050456458,5.4125598322307535,48.23076923076923,6.584753173732054,3.823021099274479,42.61538461538461,8.271824280234496,4.802512397728064,35.84615384615385,5.161494516225473,2.9966958394183325,43.38461538461539,9.98781308677782,5.798792932540547
