,x,n,rseo,rseo_std,rseo_conf,mre,mre_std,mre_conf,mrs,mrs_std,mrs_conf,opt,opt_std,opt_conf,partition_dfs,partition_dfs_std,partition_dfs_conf,partition_bfs,partition_bfs_std,partition_bfs_conf,cluster,cluster_std,cluster_conf
0,0.0,10.0,42.23076923076923,9.892369501740944,5.743379642207665,51.61538461538461,5.408919509145081,3.140347536522627,50.61538461538461,7.500427338252818,4.354649477539013,51.69230769230769,6.562324478727226,3.8099992939052663,47.15384615384615,8.204126541423669,4.763207980839759,41.84615384615385,6.053183099909141,3.5143985048734065,47.30769230769231,6.86032816737673,3.983016316610609
