,x,n,rseo,rseo_std,rseo_conf,mre,mre_std,mre_conf,mrs,mrs_std,mrs_conf,opt,opt_std,opt_conf,partition_dfs,partition_dfs_std,partition_dfs_conf,partition_bfs,partition_bfs_std,partition_bfs_conf,cluster,cluster_std,cluster_conf
0,0.0,10.0,54.84615384615385,7.069254485047131,4.104316189145537,55.07692307692308,6.957747940983232,4.039576956038967,54.61538461538461,7.089175569585667,4.1158821088545805,55.07692307692308,6.957747940983232,4.039576956038967,40.38461538461539,13.805424426280547,8.015247872411361,44.15384615384615,10.383048314810651,6.028261308359665,55.07692307692308,6.957747940983232,4.039576956038967
