,x,n,rseo,rseo_std,rseo_conf,mre,mre_std,mre_conf,mrs,mrs_std,mrs_conf,opt,opt_std,opt_conf,partition_dfs,partition_dfs_std,partition_dfs_conf,partition_bfs,partition_bfs_std,partition_bfs_conf,cluster,cluster_std,cluster_conf
0,0.0,10.0,45.07692307692308,7.100018057037349,4.122177114483912,44.23076923076923,7.970297423913427,4.627449870204348,43.76923076923077,7.258946734362204,4.2144490145327245,46.84615384615385,7.358058551073485,4.271992031936351,36.76923076923077,7.682814655166492,4.460541155238125,36.0,5.369667897862337,3.117558567193743,43.46153846153846,7.490164491021815,4.348691003399197
