,x,n,rseo,rseo_std,rseo_conf,mre,mre_std,mre_conf,mrs,mrs_std,mrs_conf,opt,opt_std,opt_conf,partition_dfs,partition_dfs_std,partition_dfs_conf,partition_bfs,partition_bfs_std,partition_bfs_conf,cluster,cluster_std,cluster_conf
0,0.0,10.0,29.23076923076923,9.705272159620652,5.634753385813205,33.69230769230769,6.688106550494633,3.8830267106648697,33.76923076923077,8.378084965689217,4.864205954312286,39.15384615384615,7.733543321640625,4.4899935518810725,32.38461538461539,7.240378230664261,4.203668385472492,26.923076923076923,5.49941721854141,3.192889316499793,31.76923076923077,8.207251327879167,4.765022190763033
