,x,n,rseo,rseo_std,rseo_conf,mre,mre_std,mre_conf,mrs,mrs_std,mrs_conf,opt,opt_std,opt_conf,partition_dfs,partition_dfs_std,partition_dfs_conf,partition_bfs,partition_bfs_std,partition_bfs_conf,cluster,cluster_std,cluster_conf
0,0.0,10.0,55.07692307692308,6.957747940983232,4.039576956038967,55.07692307692308,6.957747940983232,4.039576956038967,55.07692307692308,6.957747940983232,4.039576956038967,55.07692307692308,6.957747940983232,4.039576956038967,46.30769230769231,12.398821283927326,7.198592585623391,49.69230769230769,10.435393423222521,6.058652189934496,51.61538461538461,7.751757451684333,4.500568436257879
