,x,n,rseo,rseo_std,rseo_conf,mre,mre_std,mre_conf,mrs,mrs_std,mrs_conf,opt,opt_std,opt_conf
0,0.0,10.0,38.15384615384615,8.295040223392068,4.815991269021982,35.53846153846154,8.242323545936392,4.78538465934667,33.30769230769231,7.814352344507032,4.5369102078709185,45.46153846153846,6.899461145811614,4.005736409268117
1,1.0,15.0,41.76923076923077,11.526446736048989,6.692103395365911,39.84615384615385,6.606135454335283,3.8354353702030926,34.15384615384615,6.97431183996139,4.049193737960629,54.92307692307692,8.179868972682655,4.7491243554300855
2,2.0,20.0,43.30769230769231,9.37536324082624,5.443212606058355,45.15384615384615,8.163395472536267,4.739560057881351,40.46153846153846,8.968606214785966,5.207054825834566,66.15384615384616,7.722760234593952,4.4837330333457395
3,3.0,25.0,45.46153846153846,13.04233737113728,7.5722095632407695,45.23076923076923,6.660253325435479,3.8668554944818894,41.76923076923077,8.594124409093364,4.989635614106422,,,
4,4.0,50.0,52.76923076923077,15.023059198855194,8.722190608751593,57.30769230769231,9.775689365160014,5.675636689321506,48.07692307692308,10.594507527185478,6.151031746250921,,,
5,5.0,100.0,50.07692307692308,15.97112779602377,9.27262676860552,58.92307692307692,9.42922353167303,5.474483182629356,48.23076923076923,12.49769209463522,7.255995678110823,,,
6,6.0,150.0,53.84615384615385,23.97862295825928,13.921673156507433,60.07692307692308,7.387619581226626,4.289154777298255,54.76923076923077,14.934043023429423,8.670508987914685,,,
7,7.0,200.0,54.38461538461539,12.003738733817212,6.969212852598398,66.53846153846153,10.104581342270649,5.8665870461081395,49.92307692307692,12.63897107139619,7.338020394116234,,,
