,x,n,rseo,rseo_std,rseo_conf,mre,mre_std,mre_conf,mrs,mrs_std,mrs_conf,opt,opt_std,opt_conf
0,1.0,10.0,0.8418379382822381,0.1564024854620112,0.09080522627416097,0.7593082703558617,0.1448060060713236,0.08407246284048266,0.7325773273249937,0.17414783162052277,0.10110794089200728,1.0,0.0,0.0
1,2.0,15.0,0.7292970193157741,0.18675791116265084,0.10842918724417114,0.8153121836942743,0.11441260755219261,0.06642645535142144,0.7485753664032289,0.12957079501291258,0.07522709965199524,1.0,0.0,0.0
2,3.0,20.0,0.8747964573089203,0.09021047978492835,0.05237501824202601,0.7669740920708634,0.11750163315749182,0.06821990299534654,0.7520527160368838,0.150458071262148,0.08735397756227896,1.0,0.0,0.0
3,4.0,25.0,0.8695963193713137,0.1452959869134377,0.08435693927387657,0.8517720380088936,0.13162881937145363,0.07642196153032804,0.780619309774662,0.12316512634178972,0.07150805265986866,1.0,0.0,0.0
4,5.0,30.0,0.8813612723503356,0.1272759797847975,0.0738947601087276,0.7508301470960899,0.11589701811428742,0.06728828460289785,0.6997807812347645,0.10120017863818973,0.058755492875197185,1.0,0.0,0.0
5,6.0,35.0,0.747922108819333,0.19317804804037877,0.11215663428678715,0.7528533451556743,0.15233850701193585,0.08844573382976477,0.6749967550952012,0.17739499652700974,0.10299320213457674,1.0,0.0,0.0
6,7.0,40.0,0.8006688297277974,0.16368730830744974,0.09503469861849848,0.7449506633958266,0.07987989598366073,0.04637721714029008,0.6686205533316028,0.12302828618427149,0.0714286050639425,1.0,0.0,0.0
7,8.0,45.0,0.9387422052151789,0.05102525675443877,0.029624593059356313,0.8669423089220325,0.09247155853658102,0.05368777083071418,0.7903286480779191,0.14904647874254492,0.08653442550867298,1.0,0.0,0.0
