,x,n,rseo,rseo_std,rseo_conf,mre,mre_std,mre_conf,mrs,mrs_std,mrs_conf,opt,opt_std,opt_conf
0,1.0,10.0,0.6964816755098527,0.1908483769685352,0.1108040578990257,0.7482084623740068,0.13899043150668258,0.08069601672649332,0.5994214238453017,0.10553088381300715,0.06126984334836465,1.0,0.0,0.0
1,2.0,15.0,0.6698993057994975,0.1618756858269179,0.09398289443020755,0.7017679532343526,0.15484836237671326,0.0899029228484737,0.6120331274827775,0.0837953655330072,0.048650487269902905,1.0,0.0,0.0
2,3.0,20.0,0.6914042112688635,0.17499995384246916,0.10160267184815873,0.6782341543005658,0.11817224106243018,0.06860924912606363,0.5981514662196065,0.12582855680026608,0.07305440535837601,1.0,0.0,0.0
3,4.0,25.0,0.7508501960835784,0.15063421510509525,0.08745624436109854,0.6739349720201967,0.12174247696626632,0.07068208114111953,0.6227482085880737,0.148146771222547,0.0860120671542476,1.0,0.0,0.0
4,5.0,30.0,0.7101278077442538,0.17582612094925554,0.10208233360577336,0.7698736162931052,0.10003747728691051,0.058080443760854146,0.6306984301172995,0.12431936185005835,0.07217818661709062,1.0,0.0,0.0
5,6.0,35.0,0.6977711905138513,0.11976000967676613,0.06953108670345179,0.7682353641365146,0.09936861465090563,0.057692110910328526,0.5752849347555916,0.13568409645734317,0.07877640207710607,1.0,0.0,0.0
6,7.0,40.0,0.6499505500165044,0.18379707542371845,0.10671016495088613,0.6660285920288161,0.09557869019138424,0.05549173060887604,0.6113685114602481,0.08944640381569344,0.05193140578233861,1.0,0.0,0.0
7,8.0,45.0,0.7416412201885834,0.15268635537726802,0.08864769001626509,0.681200422791816,0.10641480612656112,0.061783037019513466,0.5568033057789287,0.1105450174237058,0.06418098338391709,1.0,0.0,0.0
